{
  "cacheBootResources": true,
  "config": [ ],
  "debugBuild": false,
  "entryAssembly": "Hangman-Blazor",
  "linkerEnabled": true,
  "resources": {
    "assembly": {
      "Blazor.Cordova.dll": "sha256-dbS5v\/GDR0nwHGLW4AAXrvWnJNgaYe\/drJQMdbMXcoU=",
      "Hangman-Blazor.dll": "sha256-ZIzkpBxUJNFBjN8LG7vBtTrrwhUwqNZmZ2m3DYwwXaU=",
      "Microsoft.AspNetCore.Components.dll": "sha256-8SeXKsUDuz8X4PmZUK4HYv5PovMm9QRpE0bPjgxLsNA=",
      "Microsoft.AspNetCore.Components.Web.dll": "sha256-N0pwUZRwEEMciQ3gdHqkG6O58nG9ifr8PsTHJoOYShY=",
      "Microsoft.AspNetCore.Components.WebAssembly.dll": "sha256-MP7CKXogje\/rZi+JrJMZGmp9l0whjQTbqg2tcxRlY5k=",
      "Microsoft.Bcl.AsyncInterfaces.dll": "sha256-jzHgXWAvWMkKIGFjZoT84tbe72E+H7CvTr\/Dryh4QPs=",
      "Microsoft.Extensions.Configuration.Abstractions.dll": "sha256-CuAX8fnE8NzFm0doqjDLKxvRSgNFjAO1dtZgP4dwbJQ=",
      "Microsoft.Extensions.Configuration.dll": "sha256-dTDIJZZJJOs517MjwgKKZBOdFjVjKULOpkCzKAUXYGg=",
      "Microsoft.Extensions.Configuration.Json.dll": "sha256-Xw4v3yKIeCjlgwsq9DAq95PpGFiR+8L4aBXbyeTZqV4=",
      "Microsoft.Extensions.DependencyInjection.Abstractions.dll": "sha256-TIncCQRCS6fk7ST1rf9PS1tioXZw5Tv1d2A5mS+3HYQ=",
      "Microsoft.Extensions.DependencyInjection.dll": "sha256-6+PX0YBPswjv7S2M3xhDWDfF07PMYhzzaHEZni6dIRU=",
      "Microsoft.Extensions.Logging.Abstractions.dll": "sha256-17kCZ0759nM1wLNsHLQJkzAIs3DvLFI0grCVuFxEojM=",
      "Microsoft.Extensions.Logging.dll": "sha256-kcniSS4ZF\/Jm5ZbWKEB2iPaVvbKk0fdJMgKrqCVtJT8=",
      "Microsoft.Extensions.Options.dll": "sha256-v0\/ABud11QosM2rkjQfoogTb4k3+BH1fD85QX3rs67A=",
      "Microsoft.Extensions.Primitives.dll": "sha256-gnI1Uhp9VEAa6Xu\/DZj99LD0QDi75ZHMrSVAXNHBaSI=",
      "Microsoft.JSInterop.dll": "sha256-GFqkJmxwbf7WMrZ+MCRzaOADzSsVQ9tcMrMt19fsEeo=",
      "Microsoft.JSInterop.WebAssembly.dll": "sha256-6g2dLhGUTDM61qYCCZ0XbEEq1ph7WIGsa0EGamodSZQ=",
      "mscorlib.dll": "sha256-Rs4J8+A24xOuAkBSWyEUZZDs6y2hGMnsEp8Lvm0JQzI=",
      "System.Core.dll": "sha256-TTp08NZBduW2Vf2JJRymoD33MzyUTvmUNWYUhNyBK14=",
      "System.dll": "sha256-801xGsQTXJ8vWBs7vywbbeM9NumaiJuIY9OSgu5JcCw=",
      "System.Net.Http.dll": "sha256-603h0cQUjJaCv70L20EcBsSfm3Sp2iw3FjM2+amcPwA=",
      "System.Net.Http.WebAssemblyHttpHandler.dll": "sha256-OnOzWSg9X7oJkfBRwMyastngzJ+ZipvUONzhQ8bxJio=",
      "System.Runtime.CompilerServices.Unsafe.dll": "sha256-\/0WokPB2h\/PIhyoKSWcXcqPt8pkX7ad2fx8vBl3lX+o=",
      "System.Text.Encodings.Web.dll": "sha256-aYwu5q8DhR8F+oS2NjU8uwzcbFQ6mJzbkS8Je2TopSU=",
      "System.Text.Json.dll": "sha256-aTTjI9iORrthbinMziWXaxjRNNl2RQKUn3pBRM\/MbTM=",
      "WebAssembly.Bindings.dll": "sha256-Y6lXVXsd6hLj9P+fgchBcDcCGizb90BzRCTd6f\/kRTE="
    },
    "pdb": null,
    "runtime": {
      "dotnet.3.2.0-rc1.20222.2.js": "sha256-iZCHkFXJWYNxCUFwhj+4oqR4fkEJc5YGjfTTvdIuX84=",
      "dotnet.timezones.dat": "sha256-3S0qzYaBEKOBXarzVLNzNAFXlwJr6nI3lFlYUpQTPH8=",
      "dotnet.wasm": "sha256-aFsebAaVKCmJl2K5EZooCF0zL34DsPr+kGZLo6WC+2c="
    },
    "satelliteResources": null
  }
}